Ps.no,Na-47,Pti,Pmln,Ppp,Ji,Mnk,Tlp
1,"Hira Model School, Sohan, Islamabad. (Male)",230,149,7,14,33,12
2,"Hira Model School, Sohan, Islamabad.(Female)",170,97,3,15,18,1
3,"The Spirit Model School, Sohan, Islamabad.(Male)",254,152,10,17,22,27
4,"The Spirit Model School, Sohan, Islamabad. (Female)",166,80,5,11,15,9
5,"Yaseen Shaheed Model School For Boys (I-VIII) Sohan, Islamabad.(Male)",220,128,2,8,29,25
6,"Yaseen Shaheed Model School For Boys (I-VIII) Sohan, Islamabad.(Female)",165,98,2,6,18,8
7,"The Message Schools and Colleges System Sohan,Islamabad. (Male)",254,176,3,9,78,28
8,"The Message Schools and Colleges System Sohan, Islamabad. (Female)",189,145,6,5,26,16
9,"The Spirit Model School, Nai Abadi, Warsi Markeet,  Sohan, Islamabad. (Combined)",359,163,1,11,26,25
10,"The Spirit Model School, Nai Abadi, Warsi Markeet,  Sohan, Islamabad. (Combined)",263,191,13,9,30,12
11,"Ever Green School, Iqbal Town Stop, Masjid Mai Saleem Akhtar Road, Madni Block,",167,144,11,5,29,16
12,"Ever Green School, Iqbal Town Stop, Masjid Mai Saleem Akhtar Road, Madni Block,",102,79,9,3,20,3
13,"Bright Star Montessori School New Iqbal Town Main Road, Islamabad. (Male)",149,127,10,1,25,18
14,"Bright Star Montessori School New Iqbal Town Main Road, Islamabad. (Female)",72,66,8,1,14,6
15,"Bright Star Montessori School New Iqbal Town Main Road, Islamabad. (Combined)",101,166,8,1,7,3
16,"Islamabad Model School for Girls (I-VIII) Sohan, Islamabad. (Male)",302,168,15,8,28,28
17,"Islamabad Model School for Girls (I-VIII) Sohan, Islamabad. (Male)",405,235,16,8,38,48
18,"Islamabad Model School for Girls (I-VIII) Sohan, Islamabad. (Female)",248,154,8,11,27,19
19,"Al Kitab International Public School, Nai Abadi Qazi Abad, Kot Hatial, Islamabad. (M",285,237,30,19,15,105
20,"Jan Public School, Mohallah Al-Noor, Nai Abadi Bhara Kahu, Islamabad. (Male)",229,216,11,24,23,49
21,"Jan Public School, Mohallah Al-Noor, Nai Abadi Bhara Kahu, Islamabad. (Female)",156,182,6,10,16,21
22,"Scholar Public School (Junior Campus) Mohallah Chaudhrian, Kot Hathial, Islamabad",349,250,85,32,32,53
23,"Scholar Public School (Junior Campus) Mohallah Chaudhrian, Kot Hathial, Islamabad",322,203,67,17,23,25
24,"Begum Saleem Kiyani Model College for Boys (VI-XII) Bhara Kahu, Islamabad.  (Male",372,243,31,27,16,61
25,"Begum Saleem Kiyani Model College for Boys (VI-XII) Bhara Kahu, Islamabad. (Fema",319,180,19,24,18,35
26,"N.P.F Model School Near Punjab Bank, Bhara Kahu, Islamabad. (Male)",255,152,26,5,21,30
27,"N.P.F Model School Near Punjab Bank, Bhara Kahu, Islamabad. (Female)",187,105,14,8,14,15
28,"The Rise International School (Senior Section) Bhera Syedan, Bhara Kahu, Islamabad",246,123,38,14,16,31
29,"The Rise International School (Senior Section) Bhera Syedan, Bhara Kahu, Islamabad",178,107,29,13,14,12
30,"City Public School, Mohallah Usmanabad, Simly Dam Road, Bhara Kahu, Islamabad.",156,149,19,8,17,24
31,"Begum Saleem Kiyani Model College for Boys (VI-XII) Bhara Kahu, Islamabad.. (Fema",287,163,11,18,11,15
32,"Islamabad Model School for Girls (I-V) Dhoke Haji Abdul Hameed Bhara kahu, Islam",354,254,5,18,14,99
33,"Islamabad Model School for Girls (I-V) Dhoke Haji Abdul Hameed Bhara kahu, Islam",271,193,5,14,17,68
34,"The Learner School of Excellance,Kohsar Town, Kot Hathial, Islamabad. (Combined)",193,229,14,6,6,34
35,"Pak Children School Mohri Road,  Mohalah Chaudharain, Bhara Kahu, Islamabad. (M",198,211,25,10,16,77
36,"Pak Children School Mohri Road,  Mohalah Chaudharain, Bhara Kahu, Islamabad. (F",166,187,24,7,21,39
37,"Al-Meezan Educative System, Dhoke Mohri Road, Bhara Kahu, Islamabad. (Combine",288,269,16,15,11,66
38,"The Concept International School, Mohallah Tika Khan, Dhoke Mohri, Bhara Kahu, Is",350,270,21,21,20,57
39,"Islamabad Model School for Girls (I-VIII) Kot Hathial, Islamabad. (Combined)",348,136,40,33,43,15
40,"Sohail Aslam Shaheed Model School for Boys (I-X) Bhara Kahu, Islamabad. (Male)",377,177,33,35,12,63
41,"Islamabad Model College for Girls (VI-XII) Kot Hathial, Islamabad.  (Male)",498,211,77,36,139,22
42,"Islamabad Model College for Girls (VI-XII) Kot Hathial, Islamabad.  (Female)",361,168,51,23,93,14
43,"Islamabad Model College for Girls (VI-XII) Kot Hathial, Islamabad. (Combined)",117,74,2,2,41,19
44,"slamabad Model College for Girls (VI-XII) Kot Hathial, Islamabad. (Male)",196,159,41,18,65,33
45,"Islamabad Model College for Girls (VI-XII) Kot Hathial, Islamabad. (Female)",147,136,31,8,36,8
46,"Yasir Iqbal Shaheed Model School (I-VIII) Kot Hathial, Islamabad. (Male)",237,161,41,20,50,21
47,"Yasir Iqbal Shaheed Model School (I-VIII) Kot Hathial, Islamabad. (Female)",147,109,21,25,26,0
48,"Yasir Iqbal Shaheed Model School (I-VIII) Kot Hathial, Islamabad. (Male)",202,176,21,14,9,31
49,"Yasir Iqbal Shaheed Model School (I-VIII) Kot Hathial, Islamabad. (Female)",177,135,13,16,10,14
50,"Kids Foundation School, Nai Abadi Bhara Kahu, Islamabad. (Male)",263,208,39,23,30,85
51,"Al Farabi Public School, Nai Abadi Bhara Kahu, Islamabad. (Female)",202,160,44,20,13,58
52,Muhammad Waqar Shaheed Model School for Girls/ Boys (I-V) Qazi Abad (Dhoke Lu,331,113,27,8,39,37
53,"Islamabad Model School for Girls (I-X) Mohra Noor, Islamabad. (Male)",347,174,15,6,115,81
54,"Islamabad Model School for Girls (I-X) Mohra Noor, Islamabad. (Female)",306,120,15,9,92,52
55,"Islamabad Model School for Girls (I-X) Mohra Noor, Islamabad. (Male)",375,143,20,11,53,18
56,"Islamabad Model School for Girls (I-X) Mohra Noor, Islamabad. (Female)",236,94,12,4,17,7
57,"Vision Model School, Banigalla, Islamabad. (Male)",148,107,84,4,71,15
58,"Vision Model School, Banigalla, Islamabad. (Female)",149,65,60,3,45,4
59,"Shafqat Shaheed Model School for Boys (I-V) Dhoke Jerani, Islamabad. (Male)",321,271,101,25,11,83
60,"Shafqat Shaheed Model School for Boys (I-V) Dhoke Jerani, Islamabad. (Female)",294,241,74,26,18,30
61,"Islamabad Model School for Girls (I-V) Dhoke Jerani, Islamabad. (Combined)",338,310,193,46,13,57
62,"The Educators, Near Imran Khan Chowk, Banni Gala, Islamabad. (Male)",480,134,44,50,142,19
63,"The Educators, Near Imran Khan Chowk, Banni Gala, Islamabad. (Female)",422,91,17,7,114,8
64,"Islamabad Model School for Girls (I-VIII) Mandla, Islamabad.  (Male)",98,179,84,3,130,31
65,"Islamabad Model School for Girls (I-VIII) Mandla, Islamabad.  (Female)",87,147,79,2,102,18
66,"Tahir Shaheed Model School for Boys (I-X) Shahdara, Islamabad. (Male)",220,340,78,2,149,10
67,"Tahir Shaheed Model School for Boys (I-X) Shahdara, Islamabad. (Female)",202,268,57,3,132,4
68,"Islamabad Model School for Boys (I-V) New Mangial, Islamabad. (Male)",229,183,34,12,20,47
69,"Islamabad Model School for Boys (I-V) New Mangial, Islamabad. (Female)",158,148,22,4,5,10
70,"Islamabad Model School for Girls (I-V) Shahpur, Islamabad. (Male)",442,140,23,21,24,7
71,"Islamabad Model School for Girls (I-V) Shahpur, Islamabad. (Female)",338,91,13,24,18,5
72,"Punjab Commerce College (PCC) Satrameel, Main Murree Road, Phulgran, Islamaba",180,132,65,22,15,42
73,"Punjab Commerce College (PCC) Satrameel, Main Murree Road, Phulgran, Islamaba",136,116,43,15,5,21
74,"Islamabad Model School, (I-X) Chattar, Islamabad. (Male)",301,126,66,71,53,16
75,"Islamabad Model School, (I-X) Chattar, Islamabad. (Female)",244,123,58,70,51,10
76,"Islamabad Model School, (I-V) Kalran, Phulgran, Islamabad. (Combined)",293,220,81,25,79,29
77,"Islamabad Model School for Girls (I-X) Phulgran, Islamabad. (Combined)",326,186,94,10,122,44
78,"Ghazali Premier School (Jinnah Campus) Seri Chowk Mora Road, Phulgran, Islamaba",218,121,60,8,202,44
79,"Ghazali Premier School (Jinnah Campus) Seri Chowk Mora Road, Phulgran, Islamaba",161,109,26,4,170,12
80,"Pinnacles School System Spring Valley, Phulgran, Islamabad. (Combined)",431,148,11,15,106,11
81,"Shahzad Ejaz Model School for Boys (I-X) Phulgran, Islamabad. (Male)",243,102,47,7,351,48
82,"Shahzad Ejaz Model School for Boys (I-X) Phulgran, Islamabad. (Female)",217,108,27,2,261,30
83,"The Arqam School (Muhammah Campus) Mohallah Abbasiabad, Simly Dam Road, Is",416,174,12,24,91,20
84,"The Arqam School (Muhammah Campus) Mohallah Abbasiabad, Simly Dam Road, Is",275,90,8,11,64,9
85,"Islamabad Model School for Boys (IVIII)Satrameel, Islamabad.(Combined)",421,166,213,28,12,15
86,"Islamabad Model School for Boys (I-V) Athal, Islamabad. (Male)",398,277,32,21,113,248
87,"Islamabad Model School for Boys (I-V) Athal, Islamabad. (Female)",298,182,28,18,88,193
88,"Islamabad Model School for Girls, (I-VIII) Bobri, Islamabad. (Male)",97,137,87,54,143,3
89,"Islamabad Model School for Girls, (I-VIII) Bobri, Islamabad. (Female)",84,141,62,27,103,5
90,"Islamabad Model College for Girls, (VI-XII) Maira Begwal, Islamabad. (Male)",408,152,31,3,279,27
91,"Islamabad Model College for Girls, (VI-XII) Maira Begwal, Islamabad. (Female)",377,149,30,4,227,14
92,"Islamabad Model College for Girls, (VI-XII) Maira Begwal, Islamabad. (Combined)",180,32,23,2,97,26
93,"Islamabad Model School for Girls (I-V) Pind Begwal Dana, Islamabad. (Combined)",291,100,16,65,86,54
94,"Islamabad Model School for Girls (I-V) Pind Begwal Dana, Islamabad. (Male)",236,63,50,41,167,46
95,"Islamabad Model School for Girls (I-V) Pind Begwal Dana, Islamabad. (Female)",217,73,29,47,126,25
96,"Zeeshan Shaheed Model College for Boys, Pind Begwal, Islamabad. (Combined)",255,156,43,12,192,200
97,"Zeeshan Shaheed Model College for Boys, Pind Begwal, Islamabad. (Male)",416,130,75,22,73,103
98,"Zeeshan Shaheed Model College for Boys, Pind Begwal, Islamabad. (Female)",376,115,50,15,53,84
99,"Islamabad Model School for Boys (I-VIII) Jandala, Islamabad. (Combined)",215,282,4,15,18,85
100,"Islamabad Model School for Boys (I-V) Sihali, Islamabad. (Combined)",353,290,15,6,19,156
101,"Islamabad Model School for Boys (I-VIII) Pehont, Islamabad. (Combined)",66,85,8,4,23,25
102,"Islamabad Model School for Boys (I-X) Tumair, Islamabad. (Male)",237,239,12,58,124,58
103,"Islamabad Model School for Boys (I-X) Tumair, Islamabad. (Female)",191,168,11,34,98,22
104,"Islamabad Model School for Boys (I-V) Mohra Tumair, Islamabad. (Male)",324,355,22,20,121,144
105,"Islamabad Model School for Boys (I-V) Mohra Tumair, Islamabad. (Female)",251,250,17,8,88,84
106,"Islamabad Model School for Boys (I-VIII) Pehont, Islamabad. (Combined)",363,305,26,41,52,15
107,"Islamabad Model School for Boys (I-VIII) Pehont, Islamabad. (Male)",200,187,56,11,22,22
108,"Islamabad Model School for Boys (I-VIII) Pehont, Islamabad. (Female)",165,145,46,6,20,9
109,"Islamabad Model School for Boys (I-V) Mohra Solina, Islamabad. (Combined)",223,290,41,31,126,5
110,"Islamabad Model College for Girls, NHC, Islamabad. (Combined)",200,55,14,12,386,39
111,"Islamabad Model School for Girls (I-X) Kuri, Islamabad. (Male)",276,74,17,11,254,44
112,"Islamabad Model School for Girls (I-X) Kuri, Islamabad. (Female)",185,35,7,6,210,29
113,"Islamabad Model School for Girls (I-X) Kuri, Islamabad. (Male)",270,25,9,10,303,29
114,"Sohail Sardar Shaheed Model School for Boys (I-V) Kuri, Islamabad. (Female)",194,31,8,11,294,20
115,"Islamabad Model School for Girls (I-X) Malot, Islamabad. (Male)",381,72,156,12,186,85
116,"Islamabad Model School for Girls (I-V) Malot, Islamabad. (Female)",336,60,135,8,164,44
117,"Islamabad Model School for Boys (I-V) Mall, Islamabad. (Combined)",411,97,73,20,40,12
118,"Islamabad Model College for Girls, Jagiot, Islamabad. (Male)",272,130,10,7,100,115
119,"Islamabad Model College for Girls, Jagiot, Islamabad. (Female)",234,133,9,5,58,71
120,"Hassan Zaib Shaheed Model School for Boys (I-X) Jagiot, Islamabad. (Male)",331,131,6,12,88,290
121,"Hassan Zaib Shaheed Model School for Boys (I-X) Jagiot, Islamabad. (Female)",280,170,11,11,60,204
122,"Hassan Zaib Shaheed Model School for Boys (I-X) Jagiot, Islamabad. (Combined)",241,139,1,29,155,99
123,"Islamabad Model College for Girls, Jagiot, Islamabad. (Combined)",282,116,3,17,103,115
124,"Ahad Model School, Mohrian, Islamabad. (Male)",162,132,4,5,111,191
125,"Ahad Model School, Mohrian, Islamabad. (Female)",166,105,1,8,72,159
126,"Islamabad Model School for Girls (I-VIII) Mohrian, Islamabad. (Male)",198,211,5,18,147,186
127,"Islamabad Model School for Girls (I-VIII) Mohrian, Islamabad. (Female)",115,150,4,12,96,105
128,"Islamabad Model School for Girls (I-X) NHC, Islamabad. (Combined)",157,36,3,10,65,52
129,"Mile Stone Public School, Farash Town, Islamabad. (Male)",151,139,18,8,55,11
130,"Mile Stone Public School, Farash Town, Islamabad. (Female)",122,128,27,4,56,5
131,"Allama Iqbal College, Park Road, Tamma, Islamabad. (Combined)",478,213,15,3,4,16
132,"Allama Iqbal College, Park Road, Tamma, Islamabad. (Combined)",152,48,4,12,3,8
133,"Islamabad Model School for Girls (I-VIII) Alipur MV, Islamabad. (Male)",459,186,20,29,7,81
134,"Islamabad Model School for Girls (I-VIII) Alipur MV, Islamabad. (Female)",367,135,16,8,5,50
135,"Muslilm Group School And College Khadrapper, Islamabad (Combined)",18,4,0,1,0,0
136,"Union Councial Office Ali Pur, Islamabad. (Male)",185,260,15,5,9,255
137,"Khaula Shaheed Model College for Girls (VI-XII) Punjgran, Islamabad. (Combined)",226,206,15,12,12,134
138,"Allama Iqbal Public School, (Ibrahim Campus) Jabbi, Islamabad. (Combined)",323,176,34,22,8,76
139,"Prince Sulman College Sultana Foundation,Farash Town, Lehtrar Road, Islamabad. (",230,173,8,12,15,39
140,"Fatima Model School, Partal, Islamabad. (Male)",341,223,13,25,59,54
141,"Fatima Model School, Partal, Islamabad. (Female)",233,191,9,19,32,32
142,"Islamabad Model School for Girls (I-V) Punjgran, Islamabad. (Male)",367,135,111,9,19,52
143,"Islamabad Model School for Girls (I-V) Punjgran, Islamabad. (Female)",261,121,86,3,16,33
144,"Boys High School Sultana Foundation, Farash Town, Islamabad. (Male)",493,151,21,42,11,17
145,"Boys High School Sultana Foundation, Farash Town, Islamabad. (Female)",367,98,28,13,4,9
146,"Islamabad Model School for Girls (I-V) Alipur (Farash Town), Islamabad. (Male)",514,167,97,55,7,36
147,"Islamabad Model School for Girls (I-V) Alipur (Farash Town), Islamabad. (Female)",420,121,79,33,3,14
148,"Islamabad Model School for Boys (I-X) Herno Thanda Pani, Islamabad. (Male)",362,232,7,29,102,51
149,"Islamabad Model School for Boys (I-X) Herno Thanda Pani, Islamabad. (Female)",309,178,3,26,96,30
150,"Islamabad Model School for Girls (I-V) Herno Thanda Pani, Islamabad. (Male)",369,218,25,34,100,97
151,"Islamabad Model School for Girls (I-V) Herno Thanda Pani, Islamabad. (Female)",335,189,15,23,92,56
152,"Islamabad Model College for Boys (VI-XII) Nilore, Islamabad. (Combined)",200,133,10,26,45,47
153,"Islamabad Model College for Girls, Nilore Islamabad. (Male)",312,197,8,36,174,66
154,"Islamabad Model College for Girls, Nilore Islamabad. (Female)",252,182,7,25,138,34
155,"Islamabad Model College for Girls, Nilore Islamabad. (Male)",209,118,17,20,173,60
156,"Islamabad Model College for Girls, Nilore Islamabad. (Female)",133,96,12,13,135,28
157,"Islamabad Model School for Girls (I-X) Darkala, Islamabad. (Male)",259,316,0,6,52,74
158,"Islamabad Model School for Girls (I-X) Darkala, Islamabad. (Female)",231,292,7,2,37,28
159,"Islamabad Model School for Boys (I-V) ARA, Islamabad. (Combined)",113,82,197,34,41,35
160,"Islamabad Model School for Boys (I-VIII) Della, Islamabad. (Male)",249,249,9,7,299,50
161,"Islamabad Model School for Boys (I-VIII) Della, Islamabad. (Female)",245,229,15,8,253,28
162,"Islamabad Model School for Girls (I-VIII) Kalia New, Islamabad. (Male)",169,104,13,13,506,91
163,"Islamabad Model School for Girls (I-VIII) Kalia New, Islamabad. (Female)",175,89,7,10,505,64
164,"Islamabad Model College for Girls (VI-XII) Chirah, Islamabad. (Male)",140,234,20,31,254,35
165,"Islamabad Model College for Girls (VI-XII) Chirah, Islamabad. (Female)",163,230,11,23,215,23
166,"Huzafa Aftab Shaheed Model School for Boys (I-X) Chirah, Islamabad. (Male)",296,91,16,41,193,32
167,"Huzafa Aftab Shaheed Model School for Boys (I-X) Chirah, Islamabad. (Female)",333,96,9,34,203,16
168,"Islamabad Model School for Girls (I-VIII) Kalia Old, Islamabad. (Male)",187,108,19,7,491,46
169,"Islamabad Model School for Girls (I-VIII) Kalia Old, Islamabad. (Female)",172,108,22,3,503,37
170,"Islamabad Model School for Boys (I-VIII) Kijnah, Islamabad. (Combined)",233,152,179,2,190,32
171,"Islamabad Model School for Girls/Boys (I-X) Saidpur, Islamabad. (Male)",398,211,29,8,89,57
172,"Behbud English Medium Primary & Secondary School, Saidpur, Islamabad. (Female)",356,132,10,4,59,47
173,"Behbud English Medium Primary & Secondary School, Saidpur, Islamabad. (Female)",263,78,8,2,72,16
174,"Islamabad Model School for Girls/Boys (I-X) Saidpur, Islamabad, (Male)",383,115,47,6,61,35
175,"Behbud English Medium Primary & Secondary School, Saidpur, Islamabad. (Female)",328,91,43,2,45,21
176,"Islamabad Model School for Girls (I-X) Gokina, Islamabad. (Male)",149,127,4,4,129,58
177,"Islamabad Model School for Girls (I-X) Gokina, Islamabad. (Female)",99,95,6,0,119,30
178,"Islamabad Model School for Girls (I-X) Gokina, Islamabad. (Male)",241,204,78,2,100,118
179,"Islamabad Model School for Girls (I-X) Gokina, Islamabad. (Female)",167,91,11,1,16,11
180,"Islamabad Model School for Boys (I-X) Talhar, Islamabad. (Male)",216,384,87,14,141,45
181,"Islamabad Model School for Boys (I-X) Talhar, Islamabad. (Female)",142,386,72,16,130,20
182,"Islamabad College for Girls (Post Graduate) F-6/2, Islamabad.  (Male) Hill Road Gate",244,64,8,13,14,2
183,"Islamabad College for Girls (Post Graduate) F-6/2, Islamabad. (Female)  Hill Road Ga",231,39,5,7,7,0
184,"Islamabad Model School (I-V) Street, F-6/4, Islamabad.(Male)",275,85,17,22,17,2
185,"Islamabad Model School (I-V) Street, F-6/4, Islamabad.(Female)",230,55,10,10,10,1
186,"Islamabad College for Girls (Post Graduate) F-6/2, Islamabad.  (Male)  School Road G",271,170,32,8,36,0
187,"Islamabad College for Girls (Post Graduate) F-6/2, Islamabad. (Female)  School Road",270,117,16,11,21,0
188,"Islamabad Model College for Girls Street No. 25 F-6/2, Islamabad. (Combined)",107,209,51,0,32,0
189,"Islamabad Model College for Girls Street No. 25 F-6/2, Islamabad. (Male)",163,184,89,2,54,0
190,"Islamabad Model College for Girls Street No. 25 F-6/2, Islamabad. (Female)",90,133,72,4,32,1
191,"Islamabad Model School for Girls (VI-X) F-6/1, Islamabad. (Male)",438,143,27,29,12,3
192,"Islamabad Model School for Girls (VI-X) F-6/1, Islamabad. (Female)",453,105,10,22,11,0
193,"Islamabad Model School (I-V) F-6/1, Islamabad. (Male)",279,75,11,25,8,3
194,"Islamabad Model School (I-V) F-6/1, Islamabad. (Female)",328,55,10,18,2,1
195,"Islamabad Model School (I-V) F-6/1, Islamabad. (Combined)",106,32,4,7,2,4
196,"Islamabad Model School for Girls (I-VIII) F-7/1, Islamabad. (Male)",293,80,4,17,11,1
197,"Islamabad Model School for Girls (I-VIII) F-7/1, Islamabad. (Female)",310,42,7,19,12,0
198,"Islamabad Model School for Girls (I-VIII) F-7/1, Islamabad. (Male)",180,50,6,13,4,6
199,"Islamabad Model School for Girls (I-VIII) F-7/1, Islamabad. (Female",168,32,0,8,6,1
200,"Islamabad Model School for Girls (I-VIII) F-7/4, Islamabad. (Male)",191,137,160,17,36,0
201,"Islamabad Model School for Girls (I-VIII) F-7/4, Islamabad. (Female)",169,80,115,14,18,0
202,"Islamabad Model School for Girls (I-VIII) F-7/4, Islamabad. (Male)",96,91,141,9,62,0
203,"Islamabad Model School for Girls (I-VIII) F-7/4, Islamabad. (Female)",64,67,82,6,21,2
204,"Islamabad Model School (I-V) E-7/4, Islamabad. (Male)",204,61,3,11,27,2
205,"Islamabad Model School (I-V) E-7/4, Islamabad. (Female)",218,44,4,3,12,1
206,"Islamabad Model College for Boys F-7/3, Islamabad. (Male)",171,31,5,4,4,2
207,"Islamabad Model College for Boys F-7/3, Islamabad. (Female)",172,16,3,5,0,1
208,"Islamabad Model College for Boys F-7/3, Islamabad. (Male)",218,74,9,9,9,2
209,"Islamabad Model College for Boys F-7/3, Islamabad. (Female)",255,58,7,13,9,0
210,"The Efa School System, Near Masjid Hasnan Kriman Opra Shehar, Bari Imam, Noor P",255,87,56,11,6,68
211,"The Efa School System, Near Masjid Hasnan Kriman Opra Shehar, Bari Imam, Noor P",179,48,39,5,5,35
212,"Asif Public Model School Mohalla Chowk Noor Pur Shahan, Islamabad. (Male)",257,130,37,15,3,57
213,"Asif Public Model School Mohalla Chowk Noor Pur Shahan, Islamabad. (Female)",221,83,29,10,1,26
214,"Sultan Model School, Mohalla Chowk Noor Pur Shahan, Islamabad. (Male)",332,150,80,6,33,37
215,"Sultan Model School, Mohalla Chowk Noor Pur Shahan, Islamabad. (Female)",278,113,81,9,20,9
216,Islamabad Model School for Boys (VI-X)  Noor Pur Shahan (Male),381,203,76,7,16,62
217,Islamabad Model School for Boys (VI-X)  Noor Pur Shahan (Female),240,157,60,4,5,14
218,Islamabad Model School For Girls (I-X) Noor Pur Shahan (Male),450,156,48,5,19,39
219,Islamabad Model School For Girls (I-X) Noor Pur Shahan (Female),373,107,45,4,8,25
220,"Islamabad Model School for Boys (VI-X) Noor Pur Shahan, Islamabad.  (Combined)",243,171,25,7,3,38
221,Islamabad Model School for Boys (VI-X)  Noor Pur Shahan  (Combined),281,137,29,3,8,35
222,"Jinnah School and Technical Institute, Muslim Colony, Islamabad. (Male)",280,133,30,14,3,28
223,"Jinnah School and Technical Institute, Muslim Colony, Islamabad. (Female)",156,80,35,4,2,13
224,"Office of the Pakistan Engineering Concial (East) G-5/2, Islamabad. (Male)",202,55,44,12,3,10
225,"Office of the Pakistan Engineering Concial (East) G-5/2, Islamabad. (Female)",135,32,18,5,3,0
226,Islamabad Model School for Girls(I-X) PM STAFF COLONY G-5 Islamabad (Male),207,155,37,10,9,17
227,Islamabad Model School for Girls (I-X) PM STAFF COLONY G-5 Islamabad (Female),159,94,20,6,1,4
228,Islamabad Model School for Girls (I-X) PM STAFF COLONY G-5 Islamabad (Male),221,70,35,16,5,12
229,Islamabad Model School for Girls (I-X) PM STAFF COLONY G-5 Islamabad (Female),137,48,22,6,0,8
230,"Usmania Technical Model School, Muslim Colony, Islamabad. (Male)",357,140,49,21,6,44
231,"Usmania Technical Model School, Muslim Colony, Islamabad. (Female)",274,95,50,16,5,14
232,"Usmania Technical Model School, Muslim Colony, Islamabad. (Male)",265,143,99,16,9,63
233,"Usmania Technical Model School, Muslim Colony, Islamabad. (Female)",152,109,75,10,6,19
234,"Islamabad Model College for Girls, University colony (Male)",180,249,164,34,189,149
235,"Islamabad Model College for Girls, University colony (Female)",125,179,124,26,143,89
236,"Islamabad Model School for Girls (I-V) Maira Malpur, Islamabad. (Combined)",244,65,277,11,298,40
237,"Islamabad Model College for Girls Malpur, Islamabad. (Male)",225,28,411,3,49,35
238,"Islamabad Model College for Girls Malpur, Islamabad. (Female)",206,28,313,4,30,13
239,"Basit Ali Sardar Shaheed Model School for boys (I-VIII) Malpur, Islamabad. (Combine",149,57,221,4,146,0
240,"Islamabad Model School for Boys (I-X) Rawal Dam, Islamabad. (Male)",437,229,20,54,58,17
241,"Islamabad Model School for Boys (I-X) Rawal Dam, Islamabad. (Female)",383,174,14,42,47,5
242,"Islamabad Model College for Girls Margalla Town, Islamabad. (Male)",433,117,18,26,22,14
243,"Islamabad Model College for Girls Margalla Town, Islamabad. (Female)",431,92,8,26,11,14
244,"Islamabad Model College for Girls Margalla Town, Islamabad. (Male)",372,147,12,40,20,12
245,"Islamabad Model College for Girls Margalla Town, Islamabad. (Female)",356,124,7,37,13,10
246,"Gosha Mishal School & College, St No-27, Puna Faqeeran, Kachi Basti, Margalla Tow",309,178,42,12,22,41
247,"Gosha Mishal School & College, St No-27, Puna Faqeeran, Kachi Basti, Margalla Tow",244,128,30,5,6,19
248,"Islamabad Model College for Girls (I-X) Rawal Town, Islamabad. (Male)",505,160,70,28,35,43
249,"Islamabad Model College for Girls (I-X) Rawal Town, Islamabad. (Female)",406,119,53,22,27,17
250,"Ali Abbas Shaheed Model College for Boys (VI-XII), G-6/2, Islamabad. (Male)",397,125,89,23,15,8
251,"Ali Abbas Shaheed Model College for Boys (VI-XII), G-6/2, Islamabad. (Female)",338,112,61,20,9,2
252,"Islamabd Model School for Girls ( I-V) G-6/2, Luqman Hakeem Road, Islamabad. (Ma",321,134,26,27,10,4
253,"Islamabd Model School for Girls ( I-V) G-6/2, Luqman Hakeem Road, Islamabad. (Fe",276,87,9,12,6,1
254,Islamabad Model School (I-V) Cafe Irum Market  G-6/2 Islamabad (Male),286,112,20,26,9,2
255,Islamabad Model School (I-V) Cafe Irum Market  G-6/2 Islamabad (Female),297,74,12,21,4,0
256,Islamabad Model School (I-V) Cafe Irum Market  G-6/2 Islamabad (Male),252,93,20,13,10,4
257,Islamabad Model School (I-V) Cafe Irum Market  G-6/2 Islamabad (Female),201,40,7,9,6,1
258,"Islamabad Model School (I-VIII) G-6/2, Islamabad. (Male)",418,174,72,22,16,10
259,"Islamabad Model School (I-VIII) G-6/2, Islamabad. (Female)",331,110,34,21,8,3
260,"Islamabad College for Boys, (Post Graduate), G-6/3, Islamabad. (Combined)",286,64,10,19,15,6
261,"Islamabad College for Boys, (Post Graduate), G-6/3, Islamabad.  (Male)",312,118,16,10,18,4
262,"Islamabad College for Boys, (Post Graduate), G-6/3, Islamabad.  (Female)",268,66,12,14,14,1
263,"Islamabad Model College for Boys (VI-X), G-6/4, Islamabad. (Male)",416,137,29,18,11,18
264,"Islamabad Model College for Boys (VI-X), G-6/4, Islamabad. (Female)",366,81,19,19,4,4
265,"Islamabad Model School, (I-V)  G-6/1-1, Near Mobeen Masjid, Islamabad. (Male)",460,182,93,27,52,14
266,"Islamabad Model School, (I-V)  G-6/1-1, Near Mobeen Masjid, Islamabad. (Female)",418,126,54,11,44,7
267,"Islamabad Model College for Girls (VI-XII), G-6/1-4, Near Utillity Store, Islamabad. (",439,193,53,43,23,22
268,"Islamabad Model College for Girls (VI-XII), G-6/1-4, Near Utillity Store, Islamabad. (F",326,130,28,26,12,11
269,"Islambad Model  School (I-V) G-6/1-4, Near Madina Masjid, Islamabad. (Male)",416,201,65,37,16,17
270,"Islambad Model  School (I-V) G-6/1-4, Near Madina Masjid, Islamabad. (Female)",324,119,33,18,8,0
271,"Islamabad Model School, Masjid Oullah (I-V) G-6/1-2, Islamabad. (Male)",363,148,63,27,22,9
272,"Islamabad Model School, Masjid Oullah (I-V) G-6/1-2, Islamabad. (Female)",324,83,24,14,8,6
273,"Islamabad Model School, Masjid Oullah (I-V) G-6/1-2, Islamabad. (Male)",446,134,160,42,54,14
274,"Islamabad Model School, Masjid Oullah (I-V) G-6/1-2, Islamabad. (Female)",388,111,92,26,32,5
275,"Islamabad Model School (I-V), G-6/1-3, Ghosia Masjid, Islamabad. (Male)",416,198,56,23,12,10
276,"Islamabad Model School (I-V), G-6/1-3, Ghosia Masjid, Islamabad. (Female)",345,162,37,20,13,6
277,"Shaifq ur Rehman Shaheed Model College for Boys (VI-XII), G-7/2 (Male)",499,194,44,41,15,18
278,"Shaifq ur Rehman Shaheed Model College for Boys (VI-XII), G-7/2 (Female)",388,110,27,28,9,4
279,"Shaifq ur Rehman Shaheed Model College for Boys (VI-XII), G-7/2, Islamabad. (Comb",265,109,23,18,6,9
280,"Shaifq ur Rehman Shaheed Model College for Boys (VI-XII), G-7/2, Islamabad. (Male",222,67,79,63,31,12
281,"Shaifq ur Rehman Shaheed Model College for Boys (VI-XII), G-7/2, Islamabad. (Fema",153,42,46,49,23,1
282,"Islamabad Model School (I-V),NO.2, G-7/2 Islamabad (Male)",118,48,205,18,23,2
283,"Islamabad Model School (I-V),NO.2, G-7/2 Islamabad (Female)",65,32,131,18,21,2
284,"Islamabad Model School for Girls (VI-X), G-7/2 (Male)",209,88,103,29,11,6
285,"Islamabad Model School for Girls (VI-X), G-7/2 (Female)",160,59,70,24,3,2
286,"Islamabad Model School No.1 (I-V) G-7/2, Islamabad. (Combined)",171,68,8,27,7,4
287,"Islamabad Model School No.1 (I-V) G-7/2, Islamabad. (Male)",397,157,62,31,20,21
288,"Islamabad Model School No.1 (I-V) G-7/2, Islamabad. (Female)",290,101,31,23,7,10
289,"Islamabad Model School for Girls (I-VIII) G-7/3-2 , Islamabad. (Combined)",256,91,46,17,20,7
290,"Islamabad Model School for Girls (I-VIII) G-7/3-2 , Islamabad. (Male)",195,125,104,15,17,8
291,"Islamabad Model School for Girls (I-VIII) G-7/3-2 , Islamabad. (Female)",137,55,109,11,13,4
292,"Islamabad Model  School (I-V), G-7/3-3, Near Golden Market, Islamabad. (Male)",476,145,50,33,29,40
293,"Islamabad Model  School (I-V), G-7/3-3, Near Golden Market, Islamabad.. (Female)",345,94,35,16,10,12
294,Islamabad Model School (I-V) G-7/3-1 Ghulshan Market (Combined),241,80,32,19,6,5
295,"Islamabad Model  School (I-V), G-7/3-3, Near Golden Market, Islamabad. (Male)",343,161,43,16,8,84
296,"Islamabad Model  School (I-V), G-7/3-3, Near Golden Market, Islamabad. (Female)",316,95,23,1,4,13
297,"Khushnood Zeb Shaheed Model School For Boys (VI-X), G-7/3-1 (Male)",415,163,71,39,35,29
298,"Khushnood Zeb Shaheed Model School For Boys (VI-X), G-7/3-1 (Female)",315,119,35,19,21,12
299,"Khushnood Zeb Shaheed Model School For Boys (VI-X), G-7/3-1 (Male)",301,166,49,33,47,26
300,"Khushnood Zeb Shaheed Model School For Boys (VI-X), G-7/3-1 (Female)",211,96,24,20,25,12
301,"Islamabad Model School for Girls No-5 (I-VIII) G-7/3-4,Islamabad. (Male)",378,160,77,33,13,40
302,"Islamabad Model School for Girls No-5 (I-VIII) G-7/3-4,Islamabad. (Female)",257,89,41,14,5,19
303,Tanveer Hussain Shaheed Model College For Boys (VI-XII) G-7/4 (Male),404,172,68,19,39,43
304,Tanveer Hussain Shaheed Model College For Boys (VI-XII) G-7/4 (Female),323,125,42,16,11,18
305,Islamabad Model School (I-V) G-7/4 (Male),375,138,27,50,10,28
306,Islamabad Model School (I-V) G-7/4 (Female),267,88,16,29,4,9
307,Tanveer Hussain Shaheed Model College for Boys (VI-XII) G-7/4 (Combined),240,64,14,23,4,11
308,"Islamabad Model School for Girls (VI-X), G-7/2 (Male)",209,109,55,10,12,8
309,"Islamabad Model School for Girls (VI-X), G-7/2 (Female)",153,68,42,8,5,6
310,Tanveer Hussain Shaheed Model College for Boys (VI-XII) G-7/4 (Male),330,116,27,23,23,15
311,Tanveer Hussain Shaheed Model College for Boys (VI-XII) G-7/4 (Female),205,59,12,8,7,6
312,"Islamabad Model School For Girls  (VI-X) G-7/ 1, Islamabad (Male)",330,124,46,29,31,14
313,"Islamabad Model School For Girls  (VI-X) G-7/ 1, Islamabad (Female)",265,93,26,19,11,5
314,"Islamabad Model School (I-V) G-7/1, Islamabad (Male)",449,139,37,20,14,22
315,"Islamabad Model School (I-V) G-7/1, Islamabad (Female)",343,85,12,23,10,10
316,"Women Welfare Centre, G-7/1, Islamabad. (Male)",186,79,170,13,163,3
317,"Women Welfare Centre, G-7/1, Islamabad. (Female)",113,53,121,4,112,0
318,"Islamabad Model School (I-V) No.1, G-8/2, Islamabad. (Male)",401,125,25,48,20,5
319,"Islamabad Model School (I-V) No.1, G-8/2, Islamabad. (Female)",331,68,13,32,4,1
320,"Islamabad Model School (I-V) No.1, G-8/2, Islamabad. (Male)",450,176,17,71,10,10
321,"Islamabad Model School (I-V) No.1 G-8/2, Islamabad. (Female)",430,129,12,50,6,5
322,"College of Medical Technology (CMT) PIMS, G-8/3, Islamabad. (Male)",273,136,16,47,12,9
323,"College of Medical Technology (CMT) PIMS, G-8/3, Islamabad. (Female)",204,83,11,16,5,2
324,"Islamabad Model School (I-V) No-1, G-8/4, Islamabad. (Male)",403,159,24,49,19,17
325,"Islamabad Model School (I-V) No-1, G-8/4, Islamabad. (Female)",310,93,15,21,9,9
326,"Islamabad Model College for Girls (VI-XII) G-8/4, Islamabad (Male)",241,134,73,20,45,16
327,"Islamabad Model College for Girls (VI-XII) G-8/4, Islamabad (Female)",145,73,74,13,21,5
328,"Islamabad Model School (I-V) No.2, G-8/4, Islamabad. (Combined)",270,156,52,21,40,18
329,"Usman Sadiq Shaheed Model School for Boys, G-8/4 (VI-X), Islamabad. (Male)",266,169,13,38,10,11
330,"Usman Sadiq Shaheed Model School for Boys, G-8/4 (VI-X), Islamabad. (Female)",190,103,12,27,9,3
331,"Shamowail Tariq Shaheed Model School for Boys (VI-X), G-8/1. (Male)",157,132,200,94,69,5
332,"Shamowail Tariq Shaheed Model School for Boys (VI-X), G-8/1. (Female)",102,87,160,63,39,2
333,"Pakistan Institute of Education G-8/1, Islamabad.  (Male)",219,80,35,22,13,3
334,"Pakistan Institute of Education G-8/1, Islamabad. (Female)",174,55,33,14,9,2
335,"Islamabad Model School No-3 (I-V), G-8/1, Islamabad. (Male)",243,117,59,56,15,4
336,"Islamabad Model School No-3 (I-V), G-8/1, Islamabad. (Female)",206,85,41,46,5,4
337,Islamabad Model School  (I-V) No.2 G-8/1 (Male),288,97,17,28,23,35
338,Islamabad Model School  (I-V) No.2 G-8/1 (Female),180,64,12,20,10,16
339,"Islamabad Model School (I-V) No.1, G-8/1. (Male)",294,188,59,45,48,4
340,"Islamabad Model School (I-V) No.1, G-8/1. (Female)",286,123,40,30,23,2
341,"Islamabad Model School, (I-V), AIOU, Colony H-8 (Combined)",353,82,11,83,3,8
342,"Islamabad Model College For boys H-9, Islamabad. (Combined)",170,128,78,49,2,4
343,"lslamabad Model College for Girls I-8/2 , Islamabad (Male)",454,147,10,57,12,3
344,"lslamabad Model College for Girls I-8/2 , Islamabad (Female)",504,92,7,53,4,1
345,"Global System of Integrated Studies, (GSIS) House No. 09, Sahib Zada Abdul Qayoom",339,83,9,40,3,2
346,"Global System of Integrated Studies, (GSIS) House No. 424-A, St No-36 (Primary Sec",336,49,6,34,4,0
347,"Beaconhouse School System, Plot No. 22-B, Sahibzada Abdul Qayyum, Road, Kinder",174,71,7,16,6,1
348,"Beaconhouse School System, Plot No. 22-B, Sahibzada Abdul Qayyum, Road, Kinder",211,54,9,16,1,1
349,"Islamabad Model College for Boys I-8/3, Islamabad. (Male)",400,152,7,50,9,4
350,"Islamabad Model College for Boys I-8/3 , Islamabad. (Female)",379,96,4,45,2,4
351,"Islamabad Model College for Boys I-8/3 , Islamabad (Male)",270,78,6,39,4,2
352,"Islamabad Model College for Boys I-8/3 , Islamabad (Female)",266,52,4,39,0,0
353,"International Islamic University Islamabad (IIUI) House No. FA-68, Street No. 94, Sec",281,90,12,39,2,4
354,"International Islamic University Islamabad (IIUI) House No. FA-68, Street No. 94, Sec",228,43,5,38,3,4
355,"Islamabad Model College for Girls, Street No-1, Sector I-8/4, Islamabad. (Male)",337,129,12,22,13,1
356,"Islamabad Model College for Girls, Street No-1, Sector I-8/4, Islamabad. (Female)",382,72,9,17,6,0
357,"Islamabad Model College for Girls, Street No-1, Sector I-8/4, Islamabad. (Male)",276,128,16,31,8,8
358,"Islamabad Model College for Girls, Street No-1, Sector I-8/4, Islamabad. (Female)",302,72,8,57,4,2
359,"Islamabad Model School  for Girls (VI-X) I-8/1, Islamabad  (Male)",208,84,5,22,7,2
360,"Islamabad Model School  for Girls (VI-X) I-8/1 , Islamabad  (Female)",203,38,1,32,5,1
361,"Islamabad Model School for boys (I-X) I-8/1 , Islamabad (Male)",369,115,25,71,6,10
362,"Islamabad Model School for boys (I-X) I-8/1, Islamabad  (Female)",301,98,10,51,1,1
363,"Islamabad Model School (I-V) I-8/1 , Islamabad (Male)",287,96,18,76,0,10
364,"Islamabad Model College for Girls (VI-XII) Sector I-9/1, (Junior Branch) Islamabad. (C",285,147,27,19,5,17
365,"Usama Bin Tariq Shaheed Model School for Boys (VI-X), I-9/4, No.1 (Male)",418,150,25,57,0,8
366,"Usama Bin Tariq Shaheed Model School for Boys (VI-X), I-9/4, No.1 (Female)",298,103,20,26,1,4
367,"Maher Ali Azam Shaheed Model School for Boys (VI-X), No.2, I-9/4, Islamabad. (Mal",262,132,29,41,9,19
368,"Maher Ali Azam Shaheed Model School for Boys (VI-X), No.2, I-9/4, Islamabad. (Fem",403,161,20,58,1,7
369,Islamabad Model School For Girls (VI-X)  I-9/4 (Male),403,161,20,58,1,7
370,Islamabad Model School For Girls (VI-X)  I-9/4 (Female),385,103,12,50,2,1
371,"Islamabad Model College for Girls (VI-XII) Sector I-9/1, Islamabad. (Male)",169,81,5,24,5,8
372,"Islamabad Model College for Girls, (VI-XII), Sector I-9/1, Islamabad.  (Female)",168,63,5,11,4,3
373,"Islamabad Model College For Girls (VI-XII) I-9/1, Islamabad. (Male)",422,181,23,56,4,8
374,"Islamabad Model College For Girls (VI-XII) I-9/1, Islamabad. (Female)",403,105,9,37,5,4
375,"Islamabad Model School (I-V), No-2, I-9/1, Islamabad. (Male)",255,198,99,23,27,4
376,"Islamabad Model School (I-V), No-2, I-9/1, Islamabad. (Female)",214,125,66,14,18,2
